run,measurement,repetition,module,name,value
throughputConsistencyTest-0-20260107-13:16:17-5907,2,0,System.oracle,throughputStat:last,6728.75
throughputConsistencyTest-1-20260107-13:16:17-5908,2,1,System.oracle,throughputStat:last,6770
throughputConsistencyTest-2-20260107-13:16:17-5909,2,2,System.oracle,throughputStat:last,5803.75
throughputConsistencyTest-3-20260107-13:16:18-5910,2,3,System.oracle,throughputStat:last,6363.75
throughputConsistencyTest-4-20260107-13:16:18-5911,2,4,System.oracle,throughputStat:last,6696.25
throughputConsistencyTest-5-20260107-13:16:18-5912,2,5,System.oracle,throughputStat:last,7480
throughputConsistencyTest-6-20260107-13:16:18-5914,2,6,System.oracle,throughputStat:last,6157.5
throughputConsistencyTest-7-20260107-13:16:18-5916,2,7,System.oracle,throughputStat:last,6243.125
throughputConsistencyTest-8-20260107-13:16:19-5917,2,8,System.oracle,throughputStat:last,5887.5
throughputConsistencyTest-9-20260107-13:16:19-5920,2,9,System.oracle,throughputStat:last,5765
throughputConsistencyTest-10-20260107-13:16:19-5924,2,10,System.oracle,throughputStat:last,6581.25
throughputConsistencyTest-11-20260107-13:16:19-5928,2,11,System.oracle,throughputStat:last,6383.125
throughputConsistencyTest-12-20260107-13:16:19-5931,2,12,System.oracle,throughputStat:last,6011.25
throughputConsistencyTest-13-20260107-13:16:20-5932,2,13,System.oracle,throughputStat:last,6850
throughputConsistencyTest-14-20260107-13:16:20-5933,2,14,System.oracle,throughputStat:last,6125.625
throughputConsistencyTest-15-20260107-13:16:20-5934,2,15,System.oracle,throughputStat:last,7056.25
throughputConsistencyTest-16-20260107-13:16:20-5935,2,16,System.oracle,throughputStat:last,7336.875
throughputConsistencyTest-17-20260107-13:16:20-5936,2,17,System.oracle,throughputStat:last,5480.625
throughputConsistencyTest-18-20260107-13:16:21-5937,2,18,System.oracle,throughputStat:last,6531.25
throughputConsistencyTest-19-20260107-13:16:21-5938,2,19,System.oracle,throughputStat:last,6696.875
throughputConsistencyTest-20-20260107-13:16:21-5939,4,0,System.oracle,throughputStat:last,13498.75
throughputConsistencyTest-21-20260107-13:16:21-5940,4,1,System.oracle,throughputStat:last,12167.5
throughputConsistencyTest-22-20260107-13:16:22-5941,4,2,System.oracle,throughputStat:last,14176.25
throughputConsistencyTest-23-20260107-13:16:22-5942,4,3,System.oracle,throughputStat:last,12400.625
throughputConsistencyTest-24-20260107-13:16:22-5943,4,4,System.oracle,throughputStat:last,11652.5
throughputConsistencyTest-25-20260107-13:16:22-5944,4,5,System.oracle,throughputStat:last,12964.375
throughputConsistencyTest-26-20260107-13:16:22-5945,4,6,System.oracle,throughputStat:last,12861.25
throughputConsistencyTest-27-20260107-13:16:23-5946,4,7,System.oracle,throughputStat:last,13181.875
throughputConsistencyTest-28-20260107-13:16:23-5947,4,8,System.oracle,throughputStat:last,12817.5
throughputConsistencyTest-29-20260107-13:16:23-5948,4,9,System.oracle,throughputStat:last,13228.125
throughputConsistencyTest-30-20260107-13:16:23-5949,4,10,System.oracle,throughputStat:last,13405.625
throughputConsistencyTest-31-20260107-13:16:23-5950,4,11,System.oracle,throughputStat:last,11896.875
throughputConsistencyTest-32-20260107-13:16:24-5951,4,12,System.oracle,throughputStat:last,11922.5
throughputConsistencyTest-33-20260107-13:16:24-5952,4,13,System.oracle,throughputStat:last,12741.25
throughputConsistencyTest-34-20260107-13:16:24-5953,4,14,System.oracle,throughputStat:last,13270.625
throughputConsistencyTest-35-20260107-13:16:24-5954,4,15,System.oracle,throughputStat:last,11846.25
throughputConsistencyTest-36-20260107-13:16:24-5955,4,16,System.oracle,throughputStat:last,14535
throughputConsistencyTest-37-20260107-13:16:25-5956,4,17,System.oracle,throughputStat:last,13662.5
throughputConsistencyTest-38-20260107-13:16:25-5957,4,18,System.oracle,throughputStat:last,12960.625
throughputConsistencyTest-39-20260107-13:16:25-5958,4,19,System.oracle,throughputStat:last,12121.25
throughputConsistencyTest-40-20260107-13:16:25-5959,8,0,System.oracle,throughputStat:last,25666.25
throughputConsistencyTest-41-20260107-13:16:25-5960,8,1,System.oracle,throughputStat:last,26576.875
throughputConsistencyTest-42-20260107-13:16:26-5961,8,2,System.oracle,throughputStat:last,24705.625
throughputConsistencyTest-43-20260107-13:16:26-5962,8,3,System.oracle,throughputStat:last,25984.375
throughputConsistencyTest-44-20260107-13:16:26-5963,8,4,System.oracle,throughputStat:last,26045.625
throughputConsistencyTest-45-20260107-13:16:26-5967,8,5,System.oracle,throughputStat:last,25302.5
throughputConsistencyTest-46-20260107-13:16:27-5968,8,6,System.oracle,throughputStat:last,24663.75
throughputConsistencyTest-47-20260107-13:16:27-5969,8,7,System.oracle,throughputStat:last,25108.75
throughputConsistencyTest-48-20260107-13:16:27-5970,8,8,System.oracle,throughputStat:last,28158.75
throughputConsistencyTest-49-20260107-13:16:27-5971,8,9,System.oracle,throughputStat:last,25321.875
throughputConsistencyTest-50-20260107-13:16:27-5973,8,10,System.oracle,throughputStat:last,26813.125
throughputConsistencyTest-51-20260107-13:16:28-5974,8,11,System.oracle,throughputStat:last,25030.625
throughputConsistencyTest-52-20260107-13:16:28-5975,8,12,System.oracle,throughputStat:last,26430.625
throughputConsistencyTest-53-20260107-13:16:28-5976,8,13,System.oracle,throughputStat:last,26463.125
throughputConsistencyTest-54-20260107-13:16:28-5977,8,14,System.oracle,throughputStat:last,24693.125
throughputConsistencyTest-55-20260107-13:16:28-5978,8,15,System.oracle,throughputStat:last,25417.5
throughputConsistencyTest-56-20260107-13:16:29-5979,8,16,System.oracle,throughputStat:last,26512.5
throughputConsistencyTest-57-20260107-13:16:29-5980,8,17,System.oracle,throughputStat:last,24893.75
throughputConsistencyTest-58-20260107-13:16:29-5981,8,18,System.oracle,throughputStat:last,24783.125
throughputConsistencyTest-59-20260107-13:16:29-5982,8,19,System.oracle,throughputStat:last,24931.25
throughputConsistencyTest-60-20260107-13:16:29-5983,16,0,System.oracle,throughputStat:last,50307.5
throughputConsistencyTest-61-20260107-13:16:30-5984,16,1,System.oracle,throughputStat:last,49423.75
throughputConsistencyTest-62-20260107-13:16:30-5985,16,2,System.oracle,throughputStat:last,49845
throughputConsistencyTest-63-20260107-13:16:30-5986,16,3,System.oracle,throughputStat:last,48883.75
throughputConsistencyTest-64-20260107-13:16:30-5987,16,4,System.oracle,throughputStat:last,50838.125
throughputConsistencyTest-65-20260107-13:16:30-5988,16,5,System.oracle,throughputStat:last,48835
throughputConsistencyTest-66-20260107-13:16:31-5990,16,6,System.oracle,throughputStat:last,50323.125
throughputConsistencyTest-67-20260107-13:16:31-5991,16,7,System.oracle,throughputStat:last,50138.75
throughputConsistencyTest-68-20260107-13:16:31-5992,16,8,System.oracle,throughputStat:last,47728.75
throughputConsistencyTest-69-20260107-13:16:31-5993,16,9,System.oracle,throughputStat:last,48472.5
throughputConsistencyTest-70-20260107-13:16:32-5994,16,10,System.oracle,throughputStat:last,46226.875
throughputConsistencyTest-71-20260107-13:16:32-5995,16,11,System.oracle,throughputStat:last,47918.75
throughputConsistencyTest-72-20260107-13:16:32-5996,16,12,System.oracle,throughputStat:last,46000
throughputConsistencyTest-73-20260107-13:16:32-5997,16,13,System.oracle,throughputStat:last,50898.75
throughputConsistencyTest-74-20260107-13:16:32-5999,16,14,System.oracle,throughputStat:last,49290
throughputConsistencyTest-75-20260107-13:16:33-6000,16,15,System.oracle,throughputStat:last,49830.625
throughputConsistencyTest-76-20260107-13:16:33-6001,16,16,System.oracle,throughputStat:last,51170
throughputConsistencyTest-77-20260107-13:16:33-6002,16,17,System.oracle,throughputStat:last,49255
throughputConsistencyTest-78-20260107-13:16:33-6003,16,18,System.oracle,throughputStat:last,52265.625
throughputConsistencyTest-79-20260107-13:16:33-6004,16,19,System.oracle,throughputStat:last,46888.125
throughputConsistencyTest-80-20260107-13:16:34-6005,32,0,System.oracle,throughputStat:last,68135.625
throughputConsistencyTest-81-20260107-13:16:34-6006,32,1,System.oracle,throughputStat:last,68481.25
throughputConsistencyTest-82-20260107-13:16:34-6009,32,2,System.oracle,throughputStat:last,69329.375
throughputConsistencyTest-83-20260107-13:16:35-6010,32,3,System.oracle,throughputStat:last,61240
throughputConsistencyTest-84-20260107-13:16:35-6011,32,4,System.oracle,throughputStat:last,70264.375
throughputConsistencyTest-85-20260107-13:16:35-6012,32,5,System.oracle,throughputStat:last,63351.25
throughputConsistencyTest-86-20260107-13:16:35-6013,32,6,System.oracle,throughputStat:last,65998.75
throughputConsistencyTest-87-20260107-13:16:35-6014,32,7,System.oracle,throughputStat:last,71404.375
throughputConsistencyTest-88-20260107-13:16:36-6015,32,8,System.oracle,throughputStat:last,75326.25
throughputConsistencyTest-89-20260107-13:16:36-6016,32,9,System.oracle,throughputStat:last,67830
throughputConsistencyTest-90-20260107-13:16:36-6018,32,10,System.oracle,throughputStat:last,63273.75
throughputConsistencyTest-91-20260107-13:16:36-6019,32,11,System.oracle,throughputStat:last,67136.875
throughputConsistencyTest-92-20260107-13:16:36-6020,32,12,System.oracle,throughputStat:last,60255
throughputConsistencyTest-93-20260107-13:16:37-6021,32,13,System.oracle,throughputStat:last,71948.75
throughputConsistencyTest-94-20260107-13:16:37-6022,32,14,System.oracle,throughputStat:last,70214.375
throughputConsistencyTest-95-20260107-13:16:37-6023,32,15,System.oracle,throughputStat:last,79154.375
throughputConsistencyTest-96-20260107-13:16:37-6024,32,16,System.oracle,throughputStat:last,65430
throughputConsistencyTest-97-20260107-13:16:37-6026,32,17,System.oracle,throughputStat:last,63219.375
throughputConsistencyTest-98-20260107-13:16:38-6027,32,18,System.oracle,throughputStat:last,78742.5
throughputConsistencyTest-99-20260107-13:16:38-6028,32,19,System.oracle,throughputStat:last,68746.875
