run,N,repetition,module,name,value
throughputContinuityTest-0-20260130-16:02:37-91494,2,0,System.oracle,throughputStat:last,6428.95
throughputContinuityTest-1-20260130-16:02:38-91495,2,1,System.oracle,throughputStat:last,6500.8
throughputContinuityTest-2-20260130-16:02:38-91496,2,2,System.oracle,throughputStat:last,6306.45
throughputContinuityTest-3-20260130-16:02:38-91497,2,3,System.oracle,throughputStat:last,6330.1
throughputContinuityTest-4-20260130-16:02:38-91498,2,4,System.oracle,throughputStat:last,6391.4
throughputContinuityTest-5-20260130-16:02:38-91499,2,5,System.oracle,throughputStat:last,6385.2
throughputContinuityTest-6-20260130-16:02:39-91500,2,6,System.oracle,throughputStat:last,6689
throughputContinuityTest-7-20260130-16:02:39-91502,2,7,System.oracle,throughputStat:last,6243.8
throughputContinuityTest-8-20260130-16:02:39-91503,2,8,System.oracle,throughputStat:last,6708.7
throughputContinuityTest-9-20260130-16:02:39-91504,2,9,System.oracle,throughputStat:last,6463.35
throughputContinuityTest-10-20260130-16:02:39-91505,2,10,System.oracle,throughputStat:last,6528.65
throughputContinuityTest-11-20260130-16:02:40-91507,2,11,System.oracle,throughputStat:last,6457.8
throughputContinuityTest-12-20260130-16:02:40-91508,2,12,System.oracle,throughputStat:last,6412.85
throughputContinuityTest-13-20260130-16:02:40-91509,2,13,System.oracle,throughputStat:last,6578.3
throughputContinuityTest-14-20260130-16:02:40-91510,2,14,System.oracle,throughputStat:last,6382.8
throughputContinuityTest-15-20260130-16:02:41-91512,2,15,System.oracle,throughputStat:last,6398.6
throughputContinuityTest-16-20260130-16:02:41-91513,2,16,System.oracle,throughputStat:last,6470.2
throughputContinuityTest-17-20260130-16:02:41-91514,2,17,System.oracle,throughputStat:last,6555.4
throughputContinuityTest-18-20260130-16:02:41-91517,2,18,System.oracle,throughputStat:last,6314.75
throughputContinuityTest-19-20260130-16:02:41-91521,2,19,System.oracle,throughputStat:last,6509
throughputContinuityTest-20-20260130-16:02:42-91525,2,20,System.oracle,throughputStat:last,6414.2
throughputContinuityTest-21-20260130-16:02:42-91527,2,21,System.oracle,throughputStat:last,6514.5
throughputContinuityTest-22-20260130-16:02:42-91528,2,22,System.oracle,throughputStat:last,6253.25
throughputContinuityTest-23-20260130-16:02:42-91529,2,23,System.oracle,throughputStat:last,6408.05
throughputContinuityTest-24-20260130-16:02:42-91530,2,24,System.oracle,throughputStat:last,6292.65
throughputContinuityTest-25-20260130-16:02:43-91531,2,25,System.oracle,throughputStat:last,6575.25
throughputContinuityTest-26-20260130-16:02:43-91532,2,26,System.oracle,throughputStat:last,6293.5
throughputContinuityTest-27-20260130-16:02:43-91533,2,27,System.oracle,throughputStat:last,6435.3
throughputContinuityTest-28-20260130-16:02:43-91534,2,28,System.oracle,throughputStat:last,6581.1
throughputContinuityTest-29-20260130-16:02:43-91535,2,29,System.oracle,throughputStat:last,6376.1
throughputContinuityTest-30-20260130-16:02:44-91536,2,30,System.oracle,throughputStat:last,6438.15
throughputContinuityTest-31-20260130-16:02:44-91537,2,31,System.oracle,throughputStat:last,6543.7
throughputContinuityTest-32-20260130-16:02:44-91538,2,32,System.oracle,throughputStat:last,6406.4
throughputContinuityTest-33-20260130-16:02:44-91539,2,33,System.oracle,throughputStat:last,6401.25
throughputContinuityTest-34-20260130-16:02:44-91540,2,34,System.oracle,throughputStat:last,6526.2
throughputContinuityTest-35-20260130-16:02:45-91541,3,0,System.oracle,throughputStat:last,9714.75
throughputContinuityTest-36-20260130-16:02:45-91542,3,1,System.oracle,throughputStat:last,9521.45
throughputContinuityTest-37-20260130-16:02:45-91543,3,2,System.oracle,throughputStat:last,9510.45
throughputContinuityTest-38-20260130-16:02:45-91544,3,3,System.oracle,throughputStat:last,9596.25
throughputContinuityTest-39-20260130-16:02:46-91545,3,4,System.oracle,throughputStat:last,9892.7
throughputContinuityTest-40-20260130-16:02:46-91546,3,5,System.oracle,throughputStat:last,9748.8
throughputContinuityTest-41-20260130-16:02:46-91547,3,6,System.oracle,throughputStat:last,9670.5
throughputContinuityTest-42-20260130-16:02:46-91548,3,7,System.oracle,throughputStat:last,9779.3
throughputContinuityTest-43-20260130-16:02:46-91549,3,8,System.oracle,throughputStat:last,9597.4
throughputContinuityTest-44-20260130-16:02:47-91550,3,9,System.oracle,throughputStat:last,9776.55
throughputContinuityTest-45-20260130-16:02:47-91551,3,10,System.oracle,throughputStat:last,9633.1
throughputContinuityTest-46-20260130-16:02:47-91552,3,11,System.oracle,throughputStat:last,9791.1
throughputContinuityTest-47-20260130-16:02:47-91556,3,12,System.oracle,throughputStat:last,9629.6
throughputContinuityTest-48-20260130-16:02:47-91557,3,13,System.oracle,throughputStat:last,9608.35
throughputContinuityTest-49-20260130-16:02:48-91558,3,14,System.oracle,throughputStat:last,9643.9
throughputContinuityTest-50-20260130-16:02:48-91559,3,15,System.oracle,throughputStat:last,9531.9
throughputContinuityTest-51-20260130-16:02:48-91560,3,16,System.oracle,throughputStat:last,9529.8
throughputContinuityTest-52-20260130-16:02:48-91561,3,17,System.oracle,throughputStat:last,9631.6
throughputContinuityTest-53-20260130-16:02:48-91562,3,18,System.oracle,throughputStat:last,9793.15
throughputContinuityTest-54-20260130-16:02:49-91563,3,19,System.oracle,throughputStat:last,9599.35
throughputContinuityTest-55-20260130-16:02:49-91564,3,20,System.oracle,throughputStat:last,9635.85
throughputContinuityTest-56-20260130-16:02:49-91565,3,21,System.oracle,throughputStat:last,9752.4
throughputContinuityTest-57-20260130-16:02:49-91566,3,22,System.oracle,throughputStat:last,9582.35
throughputContinuityTest-58-20260130-16:02:49-91567,3,23,System.oracle,throughputStat:last,9657.15
throughputContinuityTest-59-20260130-16:02:50-91569,3,24,System.oracle,throughputStat:last,9705.9
throughputContinuityTest-60-20260130-16:02:50-91570,3,25,System.oracle,throughputStat:last,9790.8
throughputContinuityTest-61-20260130-16:02:50-91571,3,26,System.oracle,throughputStat:last,9699.2
throughputContinuityTest-62-20260130-16:02:50-91572,3,27,System.oracle,throughputStat:last,9793.1
throughputContinuityTest-63-20260130-16:02:51-91574,3,28,System.oracle,throughputStat:last,10007.8
throughputContinuityTest-64-20260130-16:02:51-91575,3,29,System.oracle,throughputStat:last,9702.9
throughputContinuityTest-65-20260130-16:02:51-91576,3,30,System.oracle,throughputStat:last,9871.3
throughputContinuityTest-66-20260130-16:02:51-91577,3,31,System.oracle,throughputStat:last,9891.05
throughputContinuityTest-67-20260130-16:02:51-91578,3,32,System.oracle,throughputStat:last,9856.15
throughputContinuityTest-68-20260130-16:02:52-91579,3,33,System.oracle,throughputStat:last,9978.35
throughputContinuityTest-69-20260130-16:02:52-91580,3,34,System.oracle,throughputStat:last,9762.85
throughputContinuityTest-70-20260130-16:02:52-91581,4,0,System.oracle,throughputStat:last,12929.75
throughputContinuityTest-71-20260130-16:02:52-91582,4,1,System.oracle,throughputStat:last,12636.55
throughputContinuityTest-72-20260130-16:02:52-91583,4,2,System.oracle,throughputStat:last,12776.6
throughputContinuityTest-73-20260130-16:02:53-91584,4,3,System.oracle,throughputStat:last,12932.8
throughputContinuityTest-74-20260130-16:02:53-91585,4,4,System.oracle,throughputStat:last,13172.05
throughputContinuityTest-75-20260130-16:02:53-91586,4,5,System.oracle,throughputStat:last,12986.45
throughputContinuityTest-76-20260130-16:02:53-91587,4,6,System.oracle,throughputStat:last,12991.15
throughputContinuityTest-77-20260130-16:02:53-91588,4,7,System.oracle,throughputStat:last,12781.4
throughputContinuityTest-78-20260130-16:02:54-91589,4,8,System.oracle,throughputStat:last,13025.6
throughputContinuityTest-79-20260130-16:02:54-91590,4,9,System.oracle,throughputStat:last,12823.75
throughputContinuityTest-80-20260130-16:02:54-91591,4,10,System.oracle,throughputStat:last,12928.7
throughputContinuityTest-81-20260130-16:02:54-91592,4,11,System.oracle,throughputStat:last,12661.3
throughputContinuityTest-82-20260130-16:02:54-91593,4,12,System.oracle,throughputStat:last,12867.9
throughputContinuityTest-83-20260130-16:02:55-91594,4,13,System.oracle,throughputStat:last,12728.8
throughputContinuityTest-84-20260130-16:02:55-91595,4,14,System.oracle,throughputStat:last,12957.2
throughputContinuityTest-85-20260130-16:02:55-91596,4,15,System.oracle,throughputStat:last,12981.85
throughputContinuityTest-86-20260130-16:02:55-91597,4,16,System.oracle,throughputStat:last,12807.65
throughputContinuityTest-87-20260130-16:02:56-91598,4,17,System.oracle,throughputStat:last,12838.25
throughputContinuityTest-88-20260130-16:02:56-91599,4,18,System.oracle,throughputStat:last,13007.45
throughputContinuityTest-89-20260130-16:02:56-91600,4,19,System.oracle,throughputStat:last,13012.45
throughputContinuityTest-90-20260130-16:02:56-91601,4,20,System.oracle,throughputStat:last,12969.1
throughputContinuityTest-91-20260130-16:02:56-91602,4,21,System.oracle,throughputStat:last,13274.6
throughputContinuityTest-92-20260130-16:02:57-91603,4,22,System.oracle,throughputStat:last,12978.95
throughputContinuityTest-93-20260130-16:02:57-91604,4,23,System.oracle,throughputStat:last,13219.5
throughputContinuityTest-94-20260130-16:02:57-91605,4,24,System.oracle,throughputStat:last,13278.9
throughputContinuityTest-95-20260130-16:02:57-91606,4,25,System.oracle,throughputStat:last,13078.95
throughputContinuityTest-96-20260130-16:02:57-91607,4,26,System.oracle,throughputStat:last,13013.7
throughputContinuityTest-97-20260130-16:02:58-91608,4,27,System.oracle,throughputStat:last,12688.05
throughputContinuityTest-98-20260130-16:02:58-91609,4,28,System.oracle,throughputStat:last,12824.2
throughputContinuityTest-99-20260130-16:02:58-91610,4,29,System.oracle,throughputStat:last,12846.3
throughputContinuityTest-100-20260130-16:02:58-91611,4,30,System.oracle,throughputStat:last,12099.15
throughputContinuityTest-101-20260130-16:02:58-91612,4,31,System.oracle,throughputStat:last,13013.5
throughputContinuityTest-102-20260130-16:02:59-91613,4,32,System.oracle,throughputStat:last,13021.7
throughputContinuityTest-103-20260130-16:02:59-91614,4,33,System.oracle,throughputStat:last,12616.15
throughputContinuityTest-104-20260130-16:02:59-91615,4,34,System.oracle,throughputStat:last,13068.85
throughputContinuityTest-105-20260130-16:02:59-91616,5,0,System.oracle,throughputStat:last,15994.95
throughputContinuityTest-106-20260130-16:02:59-91617,5,1,System.oracle,throughputStat:last,15962.75
throughputContinuityTest-107-20260130-16:03:00-91618,5,2,System.oracle,throughputStat:last,16277.9
throughputContinuityTest-108-20260130-16:03:00-91620,5,3,System.oracle,throughputStat:last,16212.15
throughputContinuityTest-109-20260130-16:03:00-91621,5,4,System.oracle,throughputStat:last,16186.15
throughputContinuityTest-110-20260130-16:03:00-91622,5,5,System.oracle,throughputStat:last,16174.25
throughputContinuityTest-111-20260130-16:03:00-91623,5,6,System.oracle,throughputStat:last,16271.15
throughputContinuityTest-112-20260130-16:03:01-91624,5,7,System.oracle,throughputStat:last,15976.8
throughputContinuityTest-113-20260130-16:03:01-91625,5,8,System.oracle,throughputStat:last,16058.1
throughputContinuityTest-114-20260130-16:03:01-91626,5,9,System.oracle,throughputStat:last,15824.55
throughputContinuityTest-115-20260130-16:03:01-91627,5,10,System.oracle,throughputStat:last,16148.35
throughputContinuityTest-116-20260130-16:03:02-91628,5,11,System.oracle,throughputStat:last,16122.5
throughputContinuityTest-117-20260130-16:03:02-91629,5,12,System.oracle,throughputStat:last,16246.15
throughputContinuityTest-118-20260130-16:03:02-91630,5,13,System.oracle,throughputStat:last,16069.55
throughputContinuityTest-119-20260130-16:03:02-91631,5,14,System.oracle,throughputStat:last,16011.25
throughputContinuityTest-120-20260130-16:03:02-91632,5,15,System.oracle,throughputStat:last,16314
throughputContinuityTest-121-20260130-16:03:03-91633,5,16,System.oracle,throughputStat:last,16508.35
throughputContinuityTest-122-20260130-16:03:03-91634,5,17,System.oracle,throughputStat:last,16171.45
throughputContinuityTest-123-20260130-16:03:03-91635,5,18,System.oracle,throughputStat:last,16484.4
throughputContinuityTest-124-20260130-16:03:03-91636,5,19,System.oracle,throughputStat:last,16568.6
throughputContinuityTest-125-20260130-16:03:03-91637,5,20,System.oracle,throughputStat:last,16318.45
throughputContinuityTest-126-20260130-16:03:04-91638,5,21,System.oracle,throughputStat:last,16028.05
throughputContinuityTest-127-20260130-16:03:04-91639,5,22,System.oracle,throughputStat:last,16068.85
throughputContinuityTest-128-20260130-16:03:04-91640,5,23,System.oracle,throughputStat:last,16035.85
throughputContinuityTest-129-20260130-16:03:04-91641,5,24,System.oracle,throughputStat:last,15236.85
throughputContinuityTest-130-20260130-16:03:04-91642,5,25,System.oracle,throughputStat:last,16347.8
throughputContinuityTest-131-20260130-16:03:05-91643,5,26,System.oracle,throughputStat:last,15927.4
throughputContinuityTest-132-20260130-16:03:05-91644,5,27,System.oracle,throughputStat:last,16307.3
throughputContinuityTest-133-20260130-16:03:05-91645,5,28,System.oracle,throughputStat:last,16007.05
throughputContinuityTest-134-20260130-16:03:05-91646,5,29,System.oracle,throughputStat:last,16316.8
throughputContinuityTest-135-20260130-16:03:05-91647,5,30,System.oracle,throughputStat:last,16377.5
throughputContinuityTest-136-20260130-16:03:06-91648,5,31,System.oracle,throughputStat:last,15829.95
throughputContinuityTest-137-20260130-16:03:06-91649,5,32,System.oracle,throughputStat:last,16406.35
throughputContinuityTest-138-20260130-16:03:06-91651,5,33,System.oracle,throughputStat:last,16246.2
throughputContinuityTest-139-20260130-16:03:06-91652,5,34,System.oracle,throughputStat:last,16293.6
throughputContinuityTest-140-20260130-16:03:06-91654,6,0,System.oracle,throughputStat:last,19236.2
throughputContinuityTest-141-20260130-16:03:07-91655,6,1,System.oracle,throughputStat:last,19106.7
throughputContinuityTest-142-20260130-16:03:07-91656,6,2,System.oracle,throughputStat:last,19641.5
throughputContinuityTest-143-20260130-16:03:07-91657,6,3,System.oracle,throughputStat:last,19449.8
throughputContinuityTest-144-20260130-16:03:07-91658,6,4,System.oracle,throughputStat:last,19373.95
throughputContinuityTest-145-20260130-16:03:08-91659,6,5,System.oracle,throughputStat:last,19424.2
throughputContinuityTest-146-20260130-16:03:08-91660,6,6,System.oracle,throughputStat:last,19237.95
throughputContinuityTest-147-20260130-16:03:08-91661,6,7,System.oracle,throughputStat:last,19175.8
throughputContinuityTest-148-20260130-16:03:08-91662,6,8,System.oracle,throughputStat:last,19161.4
throughputContinuityTest-149-20260130-16:03:08-91663,6,9,System.oracle,throughputStat:last,19392.5
throughputContinuityTest-150-20260130-16:03:09-91664,6,10,System.oracle,throughputStat:last,19378.2
throughputContinuityTest-151-20260130-16:03:09-91665,6,11,System.oracle,throughputStat:last,19239.5
throughputContinuityTest-152-20260130-16:03:09-91666,6,12,System.oracle,throughputStat:last,19496.7
throughputContinuityTest-153-20260130-16:03:09-91667,6,13,System.oracle,throughputStat:last,19492.3
throughputContinuityTest-154-20260130-16:03:09-91668,6,14,System.oracle,throughputStat:last,19697.35
throughputContinuityTest-155-20260130-16:03:10-91669,6,15,System.oracle,throughputStat:last,19762.35
throughputContinuityTest-156-20260130-16:03:10-91671,6,16,System.oracle,throughputStat:last,19834.5
throughputContinuityTest-157-20260130-16:03:10-91672,6,17,System.oracle,throughputStat:last,19526.15
throughputContinuityTest-158-20260130-16:03:10-91673,6,18,System.oracle,throughputStat:last,19074.8
throughputContinuityTest-159-20260130-16:03:10-91674,6,19,System.oracle,throughputStat:last,19355.6
throughputContinuityTest-160-20260130-16:03:11-91675,6,20,System.oracle,throughputStat:last,18689.55
throughputContinuityTest-161-20260130-16:03:11-91676,6,21,System.oracle,throughputStat:last,19444.8
throughputContinuityTest-162-20260130-16:03:11-91677,6,22,System.oracle,throughputStat:last,19175.25
throughputContinuityTest-163-20260130-16:03:11-91678,6,23,System.oracle,throughputStat:last,19360.9
throughputContinuityTest-164-20260130-16:03:11-91679,6,24,System.oracle,throughputStat:last,19457.5
throughputContinuityTest-165-20260130-16:03:12-91680,6,25,System.oracle,throughputStat:last,19485.25
throughputContinuityTest-166-20260130-16:03:12-91681,6,26,System.oracle,throughputStat:last,19289.8
throughputContinuityTest-167-20260130-16:03:12-91682,6,27,System.oracle,throughputStat:last,19589.8
throughputContinuityTest-168-20260130-16:03:12-91683,6,28,System.oracle,throughputStat:last,19521.7
throughputContinuityTest-169-20260130-16:03:13-91684,6,29,System.oracle,throughputStat:last,19100.95
throughputContinuityTest-170-20260130-16:03:13-91685,6,30,System.oracle,throughputStat:last,19081.45
throughputContinuityTest-171-20260130-16:03:13-91686,6,31,System.oracle,throughputStat:last,19540.95
throughputContinuityTest-172-20260130-16:03:13-91687,6,32,System.oracle,throughputStat:last,19870.75
throughputContinuityTest-173-20260130-16:03:13-91688,6,33,System.oracle,throughputStat:last,19690.05
throughputContinuityTest-174-20260130-16:03:14-91689,6,34,System.oracle,throughputStat:last,19392.35
